ParentObject,Object,Field,VALUE
DBINFO STRUCTURE:,DBINFO @0x000000CD29CFD5C0,dbi_version,852
DBINFO STRUCTURE:,DBINFO @0x000000CD29CFD5C0,dbi_createVersion,852
DBINFO STRUCTURE:,DBINFO @0x000000CD29CFD5C0,dbi_SEVersion,0
DBINFO STRUCTURE:,DBINFO @0x000000CD29CFD5C0,dbi_dvSplitPoint,0:0:0 (0x00000000:00000000:0000)
DBINFO STRUCTURE:,DBINFO @0x000000CD29CFD5C0,dbi_dbbackupLSN,34:1840:37 (0x00000022:00000730:0025)
DBINFO STRUCTURE:,DBINFO @0x000000CD29CFD5C0,dbi_LastLogBackupTime,2017-03-30 13:12:14.183
DBINFO STRUCTURE:,DBINFO @0x000000CD29CFD5C0,dbi_nextseqnum,1900-01-01 00:00:00.000
DBINFO STRUCTURE:,DBINFO @0x000000CD29CFD5C0,dbi_status,0x00810000
DBINFO STRUCTURE:,DBINFO @0x000000CD29CFD5C0,dbi_crdate,2017-01-19 14:16:35.323
DBINFO STRUCTURE:,DBINFO @0x000000CD29CFD5C0,dbi_dbname,db02
DBINFO STRUCTURE:,DBINFO @0x000000CD29CFD5C0,dbi_dbid,6
DBINFO STRUCTURE:,DBINFO @0x000000CD29CFD5C0,dbi_cmptlevel,130
DBINFO STRUCTURE:,DBINFO @0x000000CD29CFD5C0,dbi_masterfixups,0
DBINFO STRUCTURE:,DBINFO @0x000000CD29CFD5C0,dbi_maxDbTimestamp,4000
DBINFO STRUCTURE:,DBINFO @0x000000CD29CFD5C0,dbi_dbbackupLSN,34:1840:37 (0x00000022:00000730:0025)
DBINFO STRUCTURE:,DBINFO @0x000000CD29CFD5C0,dbi_RebuildLogs,0
DBINFO STRUCTURE:,DBINFO @0x000000CD29CFD5C0,dbi_differentialBaseLSN,34:1840:37 (0x00000022:00000730:0025)
DBINFO STRUCTURE:,DBINFO @0x000000CD29CFD5C0,dbi_RestoreFlags,0x0000
DBINFO STRUCTURE:,DBINFO @0x000000CD29CFD5C0,dbi_checkptLSN,34:3224:2 (0x00000022:00000c98:0002)
DBINFO STRUCTURE:,DBINFO @0x000000CD29CFD5C0,dbi_dbccFlags,2
DBINFO STRUCTURE:,DBINFO @0x000000CD29CFD5C0,dbi_COWLastLSN,0:0:0 (0x00000000:00000000:0000)
DBINFO STRUCTURE:,DBINFO @0x000000CD29CFD5C0,dbi_DirtyPageLSN,34:3224:2 (0x00000022:00000c98:0002)
DBINFO STRUCTURE:,DBINFO @0x000000CD29CFD5C0,dbi_RecoveryFlags,0x00000000
DBINFO STRUCTURE:,DBINFO @0x000000CD29CFD5C0,dbi_lastxact,0x39c
DBINFO STRUCTURE:,DBINFO @0x000000CD29CFD5C0,dbi_collation,872468488
DBINFO STRUCTURE:,DBINFO @0x000000CD29CFD5C0,dbi_relstat,0x61000000
DBINFO STRUCTURE:,DBINFO @0x000000CD29CFD5C0,dbi_familyGUID,bde1f762-65f9-4932-b99a-b10a1df719ac
DBINFO STRUCTURE:,DBINFO @0x000000CD29CFD5C0,dbi_maxLogSpaceUsed,1998848
dbi_recoveryForkNameStack,entry 0,hex (dec),0x00000000:00000000:0000 (0:0:0)
DBINFO @0x000000CD29CFD5C0,dbi_recoveryForkNameStack,m_guid,bde1f762-65f9-4932-b99a-b10a1df719ac
dbi_recoveryForkNameStack,entry 1,hex (dec),0x00000000:00000000:0000 (0:0:0)
DBINFO @0x000000CD29CFD5C0,dbi_recoveryForkNameStack,m_guid,00000000-0000-0000-0000-000000000000
DBINFO STRUCTURE:,DBINFO @0x000000CD29CFD5C0,dbi_differentialBaseGuid,e53fffc9-4c9d-4f77-9c7d-da20d1c65d34
DBINFO STRUCTURE:,DBINFO @0x000000CD29CFD5C0,dbi_firstSysIndexes,0001:00000014
DBINFO STRUCTURE:,DBINFO @0x000000CD29CFD5C0,dbi_oldestBackupXactLSN,0:0:0 (0x00000000:00000000:0000)
DBINFO STRUCTURE:,DBINFO @0x000000CD29CFD5C0,dbi_versionChangeLSN,0:0:0 (0x00000000:00000000:0000)
DBINFO STRUCTURE:,DBINFO @0x000000CD29CFD5C0,dbi_mdUpgStat,0x0004
DBINFO STRUCTURE:,DBINFO @0x000000CD29CFD5C0,dbi_category,0x0000000000000000
DBINFO STRUCTURE:,DBINFO @0x000000CD29CFD5C0,dbi_safetySequence,0
DBINFO STRUCTURE:,DBINFO @0x000000CD29CFD5C0,dbi_dbMirrorId,00000000-0000-0000-0000-000000000000
DBINFO STRUCTURE:,DBINFO @0x000000CD29CFD5C0,dbi_pageUndoLsn,0:0:0 (0x00000000:00000000:0000)
DBINFO STRUCTURE:,DBINFO @0x000000CD29CFD5C0,dbi_pageUndoState,0
DBINFO STRUCTURE:,DBINFO @0x000000CD29CFD5C0,dbi_disabledSequence,0
DBINFO STRUCTURE:,DBINFO @0x000000CD29CFD5C0,dbi_dbmRedoLsn,0:0:0 (0x00000000:00000000:0000)
DBINFO STRUCTURE:,DBINFO @0x000000CD29CFD5C0,dbi_dbmOldestXactLsn,0:0:0 (0x00000000:00000000:0000)
DBINFO STRUCTURE:,DBINFO @0x000000CD29CFD5C0,dbi_CloneCpuCount,0
DBINFO STRUCTURE:,DBINFO @0x000000CD29CFD5C0,dbi_CloneMemorySize,0
DBINFO STRUCTURE:,DBINFO @0x000000CD29CFD5C0,dbi_updSysCatalog,1900-01-01 00:00:00.000
DBINFO STRUCTURE:,DBINFO @0x000000CD29CFD5C0,dbi_LogBackupChainOrigin,34:1840:37 (0x00000022:00000730:0025)
DBINFO STRUCTURE:,DBINFO @0x000000CD29CFD5C0,dbi_dbccLastKnownGood,1900-01-01 00:00:00.000
DBINFO STRUCTURE:,DBINFO @0x000000CD29CFD5C0,dbi_roleSequence,0
DBINFO STRUCTURE:,DBINFO @0x000000CD29CFD5C0,dbi_dbmHardenedLsn,0:0:0 (0x00000000:00000000:0000)
DBINFO STRUCTURE:,DBINFO @0x000000CD29CFD5C0,dbi_localState,0
DBINFO STRUCTURE:,DBINFO @0x000000CD29CFD5C0,dbi_safety,0
DBINFO STRUCTURE:,DBINFO @0x000000CD29CFD5C0,dbi_modDate,2017-01-19 14:16:35.323
DBINFO STRUCTURE:,DBINFO @0x000000CD29CFD5C0,dbi_verRDB,218107809
DBINFO STRUCTURE:,DBINFO @0x000000CD29CFD5C0,dbi_delayedDurabilityOption,0
DBINFO STRUCTURE:,DBINFO @0x000000CD29CFD5C0,dbi_svcBrokerGUID,cad61085-c2f2-4471-89df-e489439c0abf
DBINFO STRUCTURE:,DBINFO @0x000000CD29CFD5C0,dbi_svcBrokerOptions,0x00000000
DBINFO STRUCTURE:,DBINFO @0x000000CD29CFD5C0,dbi_dbmLogZeroOutstanding,0
DBINFO STRUCTURE:,DBINFO @0x000000CD29CFD5C0,dbi_dbmLastGoodRoleSequence,0
DBINFO STRUCTURE:,DBINFO @0x000000CD29CFD5C0,dbi_dbmRedoQueue,0
DBINFO STRUCTURE:,DBINFO @0x000000CD29CFD5C0,dbi_dbmRedoQueueType,0
DBINFO STRUCTURE:,DBINFO @0x000000CD29CFD5C0,dbi_rmidRegistryValueDeleted,0
DBINFO STRUCTURE:,DBINFO @0x000000CD29CFD5C0,dbi_dbmConnectionTimeout,0
DBINFO STRUCTURE:,DBINFO @0x000000CD29CFD5C0,dbi_AuIdNext,1099511627917
DBINFO STRUCTURE:,DBINFO @0x000000CD29CFD5C0,dbi_MinSkipLsn,0:0:0 (0x00000000:00000000:0000)
DBINFO STRUCTURE:,DBINFO @0x000000CD29CFD5C0,dbi_commitTsOfcheckptLSN,0
DBINFO STRUCTURE:,DBINFO @0x000000CD29CFD5C0,dbi_dbEmptyVersionState,0
DBINFO STRUCTURE:,DBINFO @0x000000CD29CFD5C0,dbi_CurrentGeneration,0
dbi_EncryptionHistory,Scan 0,hex (dec),0x00000000:00000000:0000 (0:0:0)
DBINFO @0x000000CD29CFD5C0,dbi_EncryptionHistory,EncryptionScanInfo:ScanId,0
dbi_EncryptionHistory,Scan 1,hex (dec),0x00000000:00000000:0000 (0:0:0)
DBINFO @0x000000CD29CFD5C0,dbi_EncryptionHistory,EncryptionScanInfo:ScanId,0
dbi_EncryptionHistory,Scan 2,hex (dec),0x00000000:00000000:0000 (0:0:0)
DBINFO @0x000000CD29CFD5C0,dbi_EncryptionHistory,EncryptionScanInfo:ScanId,0
DBINFO STRUCTURE:,DBINFO @0x000000CD29CFD5C0,dbi_latestVersioningUpgradeLSN,18:43:69 (0x00000012:0000002b:0045)
DBINFO STRUCTURE:,DBINFO @0x000000CD29CFD5C0,dbi_PendingRestoreOutcomesId,00000000-0000-0000-0000-000000000000
DBINFO STRUCTURE:,DBINFO @0x000000CD29CFD5C0,dbi_ContainmentState,0
DBINFO STRUCTURE:,DBINFO @0x000000CD29CFD5C0,dbi_hkRecoveryLSN,0:0:0 (0x00000000:00000000:0000)
DBINFO STRUCTURE:,DBINFO @0x000000CD29CFD5C0,dbi_hkLogTruncationLSN,0:0:0 (0x00000000:00000000:0000)
DBINFO STRUCTURE:,DBINFO @0x000000CD29CFD5C0,dbi_hkCompatibilityMode,0
DBINFO STRUCTURE:,DBINFO @0x000000CD29CFD5C0,dbi_hkRootFile,00000000-0000-0000-0000-000000000000
DBINFO STRUCTURE:,DBINFO @0x000000CD29CFD5C0,dbi_hkRootFileWatermark,0
DBINFO STRUCTURE:,DBINFO @0x000000CD29CFD5C0,dbi_hkTrimLSN,0:0:0 (0x00000000:00000000:0000)
DBINFO STRUCTURE:,DBINFO @0x000000CD29CFD5C0,dbi_hkUpgradeLSN,0:0:0 (0x00000000:00000000:0000)
DBINFO STRUCTURE:,DBINFO @0x000000CD29CFD5C0,dbi_hkUndeployLSN,0:0:0 (0x00000000:00000000:0000)
