schedule_id,schedule_uid,originating_server_id,name,owner_sid,enabled,freq_type,freq_interval,freq_subday_type,freq_subday_interval,freq_relative_interval,freq_recurrence_factor,active_start_date,active_end_date,active_start_time,active_end_time,date_created,date_modified,version_number
1,ec88e0b9-88cf-454b-a4c1-0397ef849519,0,RunAsSQLAgentServiceStartSchedule,System.Byte[],1,64,0,0,0,0,0,20160430,99991231,0,235959,2016/04/30 0:46:46,2016/04/30 0:46:46,1
2,331be094-6503-4c6d-bb0e-f6ba5fe3df0c,0,CollectorSchedule_Every_5min,System.Byte[],1,4,1,4,5,0,0,20160430,99991231,0,235959,2016/04/30 0:46:47,2016/04/30 0:46:47,1
3,23f60231-26d4-4ae9-9fce-8623cede5630,0,CollectorSchedule_Every_10min,System.Byte[],1,4,1,4,10,0,0,20160430,99991231,0,235959,2016/04/30 0:46:47,2016/04/30 0:46:47,1
4,01867c47-d1e1-49b3-9d61-6c0a823291f8,0,CollectorSchedule_Every_15min,System.Byte[],1,4,1,4,15,0,0,20160430,99991231,0,235959,2016/04/30 0:46:47,2016/04/30 0:46:47,1
5,7a9950b9-fb9e-4fcc-b00d-5b0f449add59,0,CollectorSchedule_Every_30min,System.Byte[],1,4,1,4,30,0,0,20160430,99991231,0,235959,2016/04/30 0:46:47,2016/04/30 0:46:47,1
6,338e56d6-b55a-4558-beee-24487f3cb3aa,0,CollectorSchedule_Every_60min,System.Byte[],1,4,1,4,60,0,0,20160430,99991231,0,235959,2016/04/30 0:46:47,2016/04/30 0:46:47,1
7,92d3b5ab-1f90-4a6a-bf06-bcffb531cc5f,0,CollectorSchedule_Every_6h,System.Byte[],1,4,1,8,6,0,0,20160430,99991231,0,235959,2016/04/30 0:46:47,2016/04/30 0:46:47,1
8,88831680-a510-4c44-a57a-3d419d97503b,0,syspolicy_purge_history_schedule,System.Byte[],1,4,1,1,0,0,0,20080101,99991231,20000,235959,2016/11/11 8:55:30,2016/11/11 8:55:30,1
