name,job_id,step_id,step_name,subsystem,command,flags,additional_parameters,cmdexec_success_code,on_success_action,on_success_step_id,on_fail_action,on_fail_step_id,server,database_name,database_user_name,retry_attempts,retry_interval,os_run_priority,output_file_name,last_run_outcome,last_run_duration,last_run_retries,last_run_date,last_run_time,proxy_id,step_uid
syspolicy_purge_history,58cf52ee-9d3f-4d96-ac2c-7ffa7b269263,1,Verify that automation is enabled.,TSQL,"IF (msdb.dbo.fn_syspolicy_is_automation_enabled() != 1)
        BEGIN
            RAISERROR(34022, 16, 1)
        END",0,,0,3,0,1,0,,master,,0,0,0,,1,0,0,20170321,20000,,9c722afc-f4d9-473a-9886-2e707ab28c45
syspolicy_purge_history,58cf52ee-9d3f-4d96-ac2c-7ffa7b269263,2,Purge history.,TSQL,EXEC msdb.dbo.sp_syspolicy_purge_history,0,,0,3,0,2,0,,master,,0,0,0,,1,0,0,20170321,20000,,41c48fc2-8a82-4969-bc37-d968d8a22c07
syspolicy_purge_history,58cf52ee-9d3f-4d96-ac2c-7ffa7b269263,3,Erase Phantom System Health Records.,PowerShell,"if ('$(ESCAPE_SQUOTE(INST))' -eq 'MSSQLSERVER') {$a = '\DEFAULT'} ELSE {$a = ''};
(Get-Item SQLSERVER:\SQLPolicy\$(ESCAPE_NONE(SRVR))$a).EraseSystemHealthPhantomRecords()",0,,0,1,0,2,0,,master,,0,0,0,,1,3,0,20170321,20000,,e476b3cf-3d60-406b-b483-5eec04c0f986
