database_name,database_size,unallocated space
master,6.44 MB,0.81 MB
reserved,data,index_size,unused
3712 KB,1512 KB,1608 KB,592 KB
database_name,database_size,unallocated space
tempdb,16.00 MB,4.81 MB
reserved,data,index_size,unused
3264 KB,1104 KB,1264 KB,896 KB
database_name,database_size,unallocated space
model,16.00 MB,5.51 MB
reserved,data,index_size,unused
2552 KB,992 KB,1168 KB,392 KB
database_name,database_size,unallocated space
msdb,37.56 MB,1.13 MB
reserved,data,index_size,unused
17208 KB,12896 KB,3536 KB,776 KB
database_name,database_size,unallocated space
db01,144.56 MB,0.12 MB
reserved,data,index_size,unused
74184 KB,71624 KB,1640 KB,920 KB
database_name,database_size,unallocated space
db02,16.00 MB,5.16 MB
reserved,data,index_size,unused
2904 KB,1032 KB,1176 KB,696 KB
