counter,occurrence,value
optimizations,264,1
elapsed time,263,0.00667300380228137
final cost,263,0.762115636979997
trivial plan,102,1
tasks,161,1138.28571428571
no plan,0,
search 0,60,1
search 0 time,65,0.00884615384615385
search 0 tasks,65,1748.24615384615
search 1,100,1
search 1 time,103,0.00196116504854369
search 1 tasks,103,630.650485436893
search 2,1,1
search 2 time,6,0.00316666666666667
search 2 tasks,6,778.5
gain stage 0 to stage 1,5,0.215933132429607
gain stage 1 to stage 2,1,0.835076208898398
timeout,5,1
memory limit exceeded,0,
insert stmt,52,1
delete stmt,1,1
update stmt,5,1
merge stmt,1,1
contains subquery,71,1
unnest failed,433,1
tables,264,3.39015151515152
hints,0,
order hint,0,
join hint,0,
view reference,148,1
remote query,0,
maximum DOP,264,0.0606060606060606
maximum recursion level,0,
indexed views loaded,0,
indexed views matched,0,
indexed views used,0,
indexed views updated,0,
dynamic cursor request,1,1
fast forward cursor request,0,
