wait_type,waiting_tasks_count,wait_time_ms,avg_wait_time_ms,max_wait_time_ms,signal_wait_time_ms
LCK_M_S,4,4464,1116,1336,0
PAGEIOLATCH_SH,566,1623,2,52,32
LCK_M_X,1,1193,1193,1193,0
PARALLEL_REDO_WORKER_WAIT_WORK,77,1090,14,50,71
IO_COMPLETION,106,859,8,47,2
WRITE_COMPLETION,41,445,10,47,0
WRITELOG,134,366,2,42,14
ASYNC_IO_COMPLETION,1,359,359,359,0
PREEMPTIVE_OS_WRITEFILEGATHER,7,213,30,88,0
MSQL_XP,20,140,7,29,0
SOS_SCHEDULER_YIELD,968,111,0,43,110
PAGEIOLATCH_UP,12,106,8,39,0
PREEMPTIVE_XE_GETTARGETSTATE,66,53,0,6,0
PREEMPTIVE_OS_WRITEFILE,8,51,6,11,0
ASYNC_NETWORK_IO,289,51,0,16,2
PREEMPTIVE_OS_QUERYREGISTRY,87,40,0,18,0
PREEMPTIVE_XE_TARGETINIT,79,26,0,22,0
PREEMPTIVE_XE_SESSIONCOMMIT,233,21,0,3,0
THREADPOOL,43,19,0,1,0
PREEMPTIVE_OS_CREATEFILE,46,18,0,4,0
PREEMPTIVE_OS_REPORTEVENT,42,17,0,4,0
PARALLEL_REDO_WORKER_SYNC,2,14,7,14,0
PREEMPTIVE_OS_DELETESECURITYCONTEXT,143,10,0,0,0
PAGEIOLATCH_EX,14,9,0,6,0
PREEMPTIVE_OS_CRYPTACQUIRECONTEXT,53,8,0,2,0
PREEMPTIVE_OS_LOADLIBRARY,2,8,4,7,0
PREEMPTIVE_XE_CALLBACKEXECUTE,2309,7,0,3,0
PREEMPTIVE_OS_GETFILEATTRIBUTES,38,6,0,1,0
PREEMPTIVE_FILESIZEGET,30,4,0,3,0
PREEMPTIVE_OS_CRYPTIMPORTKEY,23,4,0,4,0
PREEMPTIVE_OS_DISCONNECTNAMEDPIPE,134,4,0,1,0
PREEMPTIVE_OS_SETFILEVALIDDATA,1,3,3,3,0
PREEMPTIVE_OS_AUTHORIZATIONOPS,164,3,0,0,0
SOS_PHYS_PAGE_CACHE,3,3,1,2,1
LATCH_SH,1,2,2,2,0
XE_BUFFERMGR_ALLPROCESSED_EVENT,7,2,0,0,0
PERFORMANCE_COUNTERS_RWLOCK,19,2,0,1,1
PREEMPTIVE_OS_QUERYCONTEXTATTRIBUTES,139,1,0,0,0
