name,value,value_in_use
access check cache bucket count,0,0
access check cache quota,0,0
Ad Hoc Distributed Queries,0,0
affinity I/O mask,0,0
affinity mask,0,0
affinity64 I/O mask,0,0
affinity64 mask,0,0
Agent XPs,1,1
allow polybase export,0,0
allow updates,0,0
automatic soft-NUMA disabled,0,0
backup checksum default,0,0
backup compression default,0,0
blocked process threshold (s),0,0
c2 audit mode,0,0
clr enabled,0,0
common criteria compliance enabled,0,0
contained database authentication,0,0
cost threshold for parallelism,5,5
cross db ownership chaining,0,0
cursor threshold,-1,-1
Database Mail XPs,0,0
default full-text language,1033,1033
default language,0,0
default trace enabled,1,1
disallow results from triggers,0,0
EKM provider enabled,0,0
external scripts enabled,0,0
filestream access level,0,0
fill factor (%),0,0
ft crawl bandwidth (max),100,100
ft crawl bandwidth (min),0,0
ft notify bandwidth (max),100,100
ft notify bandwidth (min),0,0
hadoop connectivity,0,0
index create memory (KB),0,0
in-doubt xact resolution,0,0
lightweight pooling,0,0
locks,0,0
max degree of parallelism,0,0
max full-text crawl range,4,4
max server memory (MB),2147483647,2147483647
max text repl size (B),65536,65536
max worker threads,0,0
media retention,0,0
min memory per query (KB),1024,1024
min server memory (MB),0,16
nested triggers,1,1
network packet size (B),4096,4096
Ole Automation Procedures,0,0
open objects,0,0
optimize for ad hoc workloads,0,0
PH timeout (s),60,60
polybase network encryption,1,1
precompute rank,0,0
priority boost,0,0
query governor cost limit,0,0
query wait (s),-1,-1
recovery interval (min),0,0
remote access,1,1
remote admin connections,0,0
remote data archive,0,0
remote login timeout (s),10,10
remote proc trans,0,0
remote query timeout (s),600,600
Replication XPs,0,0
scan for startup procs,0,0
server trigger recursion,1,1
set working set size,0,0
show advanced options,0,0
SMO and DMO XPs,1,1
transform noise words,0,0
two digit year cutoff,2049,2049
user connections,0,0
user options,0,0
xp_cmdshell,0,0
