scheduler_address,parent_node_id,scheduler_id,cpu_id,status,is_online,is_idle,preemptive_switches_count,context_switches_count,idle_switches_count,current_tasks_count,runnable_tasks_count,current_workers_count,active_workers_count,work_queue_count,pending_disk_io_count,load_factor,yield_count,last_timer_activity,failed_to_create_worker,active_worker_address,memory_object_address,task_memory_object_address,quantum_length_us,total_cpu_usage_ms,total_cpu_idle_capped_ms,total_scheduler_delay_ms
System.Byte[],0,0,0,VISIBLE ONLINE,True,True,447,8935,8095,12,0,26,11,0,0,16,19952,1208525722,False,System.Byte[],System.Byte[],System.Byte[],4000,1443,0,834
System.Byte[],0,1,1,VISIBLE ONLINE,True,False,2392,14875,10756,13,0,27,11,0,0,16,27270,1208525750,False,System.Byte[],System.Byte[],System.Byte[],4000,3866,0,562
System.Byte[],0,1048578,0,HIDDEN ONLINE,True,False,0,0,4,1,0,1,1,0,0,1,7,1206683399,False,System.Byte[],System.Byte[],System.Byte[],4000,0,0,0
System.Byte[],64,1048576,0,VISIBLE ONLINE (DAC),True,True,4,9,9,2,0,3,1,0,0,1,16,1208483186,False,System.Byte[],System.Byte[],System.Byte[],4000,0,0,0
System.Byte[],0,1048579,1,HIDDEN ONLINE,True,True,0,0,13569,1,0,1,1,0,0,1,26889,1208525750,False,System.Byte[],System.Byte[],System.Byte[],4000,0,0,0
System.Byte[],0,1048580,0,HIDDEN ONLINE,True,True,0,0,16893,1,0,1,1,0,0,1,33686,1208525699,False,System.Byte[],System.Byte[],System.Byte[],4000,0,0,0
System.Byte[],0,1048581,1,HIDDEN ONLINE,True,True,5,0,6,1,0,1,1,0,0,1,10,1208483170,False,System.Byte[],System.Byte[],System.Byte[],4000,0,0,0
System.Byte[],0,1048582,0,HIDDEN ONLINE,True,True,2,0,6,1,0,1,1,0,0,1,10,1208483170,False,System.Byte[],System.Byte[],System.Byte[],4000,0,0,0
System.Byte[],0,1048583,1,HIDDEN ONLINE,True,True,7,0,500,1,0,1,1,0,0,1,961,1208522528,False,System.Byte[],System.Byte[],System.Byte[],4000,0,0,0
