db_name,file_system_type,total_Mbytes,available_bytes,file_id,type_desc,name,physical_name,file_size_mb,data_space_id,database_id,file_id,file_guid,type,type_desc,data_space_id,name,physical_name,state,state_desc,size,max_size,growth,is_media_read_only,is_read_only,is_sparse,is_percent_growth,is_name_reserved,create_lsn,drop_lsn,read_only_lsn,read_write_lsn,differential_base_lsn,differential_base_guid,differential_base_time,redo_start_lsn,redo_start_fork_guid,redo_target_lsn,redo_target_fork_guid,backup_lsn,credential_id,database_id,file_id,volume_mount_point,volume_id,logical_volume_name,file_system_type,total_bytes,available_bytes,supports_compression,supports_alternate_streams,supports_sparse_files,is_read_only,is_compressed
db01,NTFS,130045,92277,1,ROWS,db01,C:\Program Files\Microsoft SQL Server\MSSQL13.MSSQLSERVER\MSSQL\DATA\db01.mdf,72.562500,1,5,1,44c3b35a-17f9-46fa-84b1-e2eab63b3a8d,0,ROWS,1,db01,C:\Program Files\Microsoft SQL Server\MSSQL13.MSSQLSERVER\MSSQL\DATA\db01.mdf,0,ONLINE,9288,-1,8192,False,False,False,False,False,,,,,55000002246400037,c30f5c5a-4cd6-440a-bf86-2c89e6a747b7,2017/02/16 1:47:28,,,,,,,5,1,C:\,\\?\Volume{ac17c300-0000-0000-0000-100000000000}\,,NTFS,136363110400,96760393728,1,1,1,0,0
db01,NTFS,130045,92277,2,LOG,db01_log,C:\Program Files\Microsoft SQL Server\MSSQL13.MSSQLSERVER\MSSQL\DATA\db01_log.ldf,72.000000,0,5,2,6ae6ffc4-d168-4395-9b3f-e17fbd3b5c7e,1,LOG,0,db01_log,C:\Program Files\Microsoft SQL Server\MSSQL13.MSSQLSERVER\MSSQL\DATA\db01_log.ldf,0,ONLINE,9216,268435456,8192,False,False,False,False,False,,,,,,,,,,,,,,5,2,C:\,\\?\Volume{ac17c300-0000-0000-0000-100000000000}\,,NTFS,136363110400,96760385536,1,1,1,0,0
db02,NTFS,130045,92277,1,ROWS,db02,C:\Program Files\Microsoft SQL Server\MSSQL13.MSSQLSERVER\MSSQL\DATA\db02.mdf,8.000000,1,6,1,0221af2a-2893-4d56-a629-11856bb7cbde,0,ROWS,1,db02,C:\Program Files\Microsoft SQL Server\MSSQL13.MSSQLSERVER\MSSQL\DATA\db02.mdf,0,ONLINE,1024,-1,8192,False,False,False,False,False,,,,,,,,,,,,,,6,1,C:\,\\?\Volume{ac17c300-0000-0000-0000-100000000000}\,,NTFS,136363110400,96760385536,1,1,1,0,0
db02,NTFS,130045,92277,2,LOG,db02_log,C:\Program Files\Microsoft SQL Server\MSSQL13.MSSQLSERVER\MSSQL\DATA\db02_log.ldf,8.000000,0,6,2,8b4b32e1-4d91-40fb-90d0-41e115af058d,1,LOG,0,db02_log,C:\Program Files\Microsoft SQL Server\MSSQL13.MSSQLSERVER\MSSQL\DATA\db02_log.ldf,0,ONLINE,1024,268435456,8192,False,False,False,False,False,,,,,,,,,,,,,,6,2,C:\,\\?\Volume{ac17c300-0000-0000-0000-100000000000}\,,NTFS,136363110400,96760385536,1,1,1,0,0
master,NTFS,130045,92277,1,ROWS,master,C:\Program Files\Microsoft SQL Server\MSSQL13.MSSQLSERVER\MSSQL\DATA\master.mdf,4.437500,1,1,1,,0,ROWS,1,master,C:\Program Files\Microsoft SQL Server\MSSQL13.MSSQLSERVER\MSSQL\DATA\master.mdf,0,ONLINE,568,-1,10,False,False,False,True,False,,,,,,,,,,,,,,1,1,C:\,\\?\Volume{ac17c300-0000-0000-0000-100000000000}\,,NTFS,136363110400,96760385536,1,1,1,0,0
master,NTFS,130045,92277,2,LOG,mastlog,C:\Program Files\Microsoft SQL Server\MSSQL13.MSSQLSERVER\MSSQL\DATA\mastlog.ldf,2.000000,0,1,2,,1,LOG,0,mastlog,C:\Program Files\Microsoft SQL Server\MSSQL13.MSSQLSERVER\MSSQL\DATA\mastlog.ldf,0,ONLINE,256,-1,10,False,False,False,True,False,,,,,,,,,,,,,,1,2,C:\,\\?\Volume{ac17c300-0000-0000-0000-100000000000}\,,NTFS,136363110400,96760385536,1,1,1,0,0
model,NTFS,130045,92277,1,ROWS,modeldev,C:\Program Files\Microsoft SQL Server\MSSQL13.MSSQLSERVER\MSSQL\DATA\model.mdf,8.000000,1,3,1,,0,ROWS,1,modeldev,C:\Program Files\Microsoft SQL Server\MSSQL13.MSSQLSERVER\MSSQL\DATA\model.mdf,0,ONLINE,1024,-1,8192,False,False,False,False,False,,,,,,,,,,,,,,3,1,C:\,\\?\Volume{ac17c300-0000-0000-0000-100000000000}\,,NTFS,136363110400,96760385536,1,1,1,0,0
model,NTFS,130045,92277,2,LOG,modellog,C:\Program Files\Microsoft SQL Server\MSSQL13.MSSQLSERVER\MSSQL\DATA\modellog.ldf,8.000000,0,3,2,,1,LOG,0,modellog,C:\Program Files\Microsoft SQL Server\MSSQL13.MSSQLSERVER\MSSQL\DATA\modellog.ldf,0,ONLINE,1024,-1,8192,False,False,False,False,False,,,,,,,,,,,,,,3,2,C:\,\\?\Volume{ac17c300-0000-0000-0000-100000000000}\,,NTFS,136363110400,96760385536,1,1,1,0,0
msdb,NTFS,130045,92277,1,ROWS,MSDBData,C:\Program Files\Microsoft SQL Server\MSSQL13.MSSQLSERVER\MSSQL\DATA\MSDBData.mdf,17.937500,1,4,1,8d0940bd-1fe3-4964-b6cf-3c38ac6b5b63,0,ROWS,1,MSDBData,C:\Program Files\Microsoft SQL Server\MSSQL13.MSSQLSERVER\MSSQL\DATA\MSDBData.mdf,0,ONLINE,2296,-1,10,False,False,False,True,False,,,,,,,,,,,,,,4,1,C:\,\\?\Volume{ac17c300-0000-0000-0000-100000000000}\,,NTFS,136363110400,96760385536,1,1,1,0,0
msdb,NTFS,130045,92277,2,LOG,MSDBLog,C:\Program Files\Microsoft SQL Server\MSSQL13.MSSQLSERVER\MSSQL\DATA\MSDBLog.ldf,19.625000,0,4,2,0f1ad51f-5156-46ab-8587-c9fd2c94473a,1,LOG,0,MSDBLog,C:\Program Files\Microsoft SQL Server\MSSQL13.MSSQLSERVER\MSSQL\DATA\MSDBLog.ldf,0,ONLINE,2512,268435456,10,False,False,False,True,False,,,,,,,,,,,,,,4,2,C:\,\\?\Volume{ac17c300-0000-0000-0000-100000000000}\,,NTFS,136363110400,96760393728,1,1,1,0,0
tempdb,NTFS,130045,92277,1,ROWS,tempdev,C:\Program Files\Microsoft SQL Server\MSSQL13.MSSQLSERVER\MSSQL\DATA\tempdb.mdf,8.000000,1,2,1,,0,ROWS,1,tempdev,C:\Program Files\Microsoft SQL Server\MSSQL13.MSSQLSERVER\MSSQL\DATA\tempdb.mdf,0,ONLINE,1024,-1,8192,False,False,False,False,False,,,,,,,,,,,,,,2,1,C:\,\\?\Volume{ac17c300-0000-0000-0000-100000000000}\,,NTFS,136363110400,96760393728,1,1,1,0,0
tempdb,NTFS,130045,92277,2,LOG,templog,C:\Program Files\Microsoft SQL Server\MSSQL13.MSSQLSERVER\MSSQL\DATA\templog.ldf,8.000000,0,2,2,,1,LOG,0,templog,C:\Program Files\Microsoft SQL Server\MSSQL13.MSSQLSERVER\MSSQL\DATA\templog.ldf,0,ONLINE,1024,-1,8192,False,False,False,False,False,,,,,,,,,,,,,,2,2,C:\,\\?\Volume{ac17c300-0000-0000-0000-100000000000}\,,NTFS,136363110400,96760393728,1,1,1,0,0
