io_stall,io_stall_read_ms,io_stall_write_ms,num_of_reads,num_of_writes,size_on_disk_mb,dbname,name,file_id,db_file_type,disk_location
481,477,4,129,1,17.937500,msdb,MSDBData,1,Data,C:
380,338,42,35,2,8.000000,model,modeldev,1,Data,C:
252,230,22,34,9,19.625000,msdb,MSDBLog,2,Log,C:
225,1,224,11,103,2.000000,master,mastlog,2,Log,C:
223,219,4,34,1,8.000000,db02,db02,1,Data,C:
205,90,115,9,9,8.000000,model,modellog,2,Log,C:
205,201,4,40,1,72.562500,db01,db01,1,Data,C:
190,130,60,11,19,72.000000,db01,db01_log,2,Log,C:
123,70,53,7,5,8.000000,db02,db02_log,2,Log,C:
86,73,13,59,6,4.437500,master,master,1,Data,C:
66,1,65,7,12,8.000000,tempdb,templog,2,Log,C:
32,20,12,38,5,72.000000,tempdb,tempdev,1,Data,C:
