Name,recovery_model_desc,IsAgDb,IsPreferredReplica,LastFullBackup,LastDiffBackup,LastLogBackup,DaysSinceLastFullBackup,DaysSinceLastDiffBackup,MinutesSinceLastLogBackup
master,SIMPLE,Not AG Database,YES,,,,,,
tempdb,SIMPLE,Not AG Database,YES,,,,,,
model,FULL,Not AG Database,YES,,,,,,
msdb,SIMPLE,Not AG Database,YES,,,,,,
db01,FULL,Not AG Database,YES,2017/02/16 10:47:30,2017/01/27 15:14:19,2017/02/16 10:56:38,96,116,138502
db02,FULL,Not AG Database,YES,2017/03/30 13:12:14,,,54,,
db03,FULL,Not AG Database,YES,,,,,,
