collection_set_id,collection_set_uid,name,target,is_system,is_running,collection_mode,proxy_id,schedule_uid,collection_job_id,upload_job_id,logging_level,days_until_expiration,description,dump_on_any_error,dump_on_codes
1,7b191952-8ecf-4e12-aeb2-ef646ef79fef,Disk Usage,,True,False,1,,92d3b5ab-1f90-4a6a-bf06-bcffb531cc5f,,,0,730,Collects data about the disk and log usage for all databases.,False,
2,49268954-4fd4-4eb6-aa04-cd59d9bb5714,Server Activity,,True,False,0,,01867c47-d1e1-49b3-9d61-6c0a823291f8,,,0,14,"Collects top-level performance indicators for the computer and the Database Engine. Enables analysis of resource use, resource bottlenecks, and Database Engine activity.",False,
3,2dc02bd6-e230-4c05-8516-4e8c0ef21f95,Query Statistics,,True,False,0,,01867c47-d1e1-49b3-9d61-6c0a823291f8,,,0,14,"Collects query statistics, T-SQL text, and query plans of most of the statements that affect performance. Enables analysis of poor performing queries in relation to overall SQL Server Database Engine activity.",False,
5,aba37a22-8039-48c6-8f8f-39bfe0a195df,Utility Information,,True,False,1,,,,,0,1,Collects data about instances of SQL Server that are managed in the SQL Server Utility.,False,
