database_name,database_size,unallocated space
master,6.44 MB,0.81 MB
reserved,data,index_size,unused
3712 KB,1512 KB,1608 KB,592 KB
database_name,database_size,unallocated space
tempdb,80.00 MB,69.30 MB
reserved,data,index_size,unused
2768 KB,1032 KB,1216 KB,520 KB
database_name,database_size,unallocated space
model,16.00 MB,5.51 MB
reserved,data,index_size,unused
2552 KB,992 KB,1168 KB,392 KB
database_name,database_size,unallocated space
msdb,37.56 MB,1.12 MB
reserved,data,index_size,unused
17224 KB,12912 KB,3536 KB,776 KB
database_name,database_size,unallocated space
db01,144.56 MB,0.12 MB
reserved,data,index_size,unused
74184 KB,71624 KB,1640 KB,920 KB
database_name,database_size,unallocated space
db02,16.00 MB,5.16 MB
reserved,data,index_size,unused
2904 KB,1032 KB,1176 KB,696 KB
database_name,database_size,unallocated space
db03,16.00 MB,4.87 MB
reserved,data,index_size,unused
3208 KB,1024 KB,1072 KB,1112 KB
