scheduler_address,parent_node_id,scheduler_id,cpu_id,status,is_online,is_idle,preemptive_switches_count,context_switches_count,idle_switches_count,current_tasks_count,runnable_tasks_count,current_workers_count,active_workers_count,work_queue_count,pending_disk_io_count,load_factor,yield_count,last_timer_activity,failed_to_create_worker,active_worker_address,memory_object_address,task_memory_object_address,quantum_length_us,total_cpu_usage_ms,total_cpu_idle_capped_ms,total_scheduler_delay_ms
System.Byte[],0,0,0,VISIBLE ONLINE,True,False,2455,115891,86815,13,0,24,11,0,0,17,225415,20148078,False,System.Byte[],System.Byte[],System.Byte[],4000,10124,0,1833
System.Byte[],0,1,1,VISIBLE ONLINE,True,True,1992,85867,64138,12,0,25,11,0,0,15,185894,20147890,False,System.Byte[],System.Byte[],System.Byte[],4000,13381,0,1505
System.Byte[],0,1048578,0,HIDDEN ONLINE,True,False,0,0,3,1,0,1,1,0,0,1,6,23040,False,System.Byte[],System.Byte[],System.Byte[],4000,0,0,0
System.Byte[],64,1048576,0,VISIBLE ONLINE (DAC),True,True,4,9,29,2,0,3,1,0,0,1,36,19822821,False,System.Byte[],System.Byte[],System.Byte[],4000,0,0,0
System.Byte[],0,1048579,1,HIDDEN ONLINE,True,True,0,0,145494,1,0,1,1,0,0,1,290013,20147998,False,System.Byte[],System.Byte[],System.Byte[],4000,0,0,0
System.Byte[],0,1048580,0,HIDDEN ONLINE,True,True,0,0,183982,1,0,1,1,0,0,1,367835,20148050,False,System.Byte[],System.Byte[],System.Byte[],4000,0,0,0
System.Byte[],0,1048581,1,HIDDEN ONLINE,True,True,5,0,26,1,0,1,1,0,0,1,30,19822224,False,System.Byte[],System.Byte[],System.Byte[],4000,0,0,0
System.Byte[],0,1048582,0,HIDDEN ONLINE,True,True,2,0,26,1,0,1,1,0,0,1,30,19822223,False,System.Byte[],System.Byte[],System.Byte[],4000,0,0,0
System.Byte[],0,1048583,1,HIDDEN ONLINE,True,True,72,0,5100,1,0,1,1,0,0,1,10123,20146379,False,System.Byte[],System.Byte[],System.Byte[],4000,0,0,0
