owner,name,database_id,source_database_id,owner_sid,create_date,compatibility_level,collation_name,user_access,user_access_desc,is_read_only,is_auto_close_on,is_auto_shrink_on,state,state_desc,is_in_standby,is_cleanly_shutdown,is_supplemental_logging_enabled,snapshot_isolation_state,snapshot_isolation_state_desc,is_read_committed_snapshot_on,recovery_model,recovery_model_desc,page_verify_option,page_verify_option_desc,is_auto_create_stats_on,is_auto_create_stats_incremental_on,is_auto_update_stats_on,is_auto_update_stats_async_on,is_ansi_null_default_on,is_ansi_nulls_on,is_ansi_padding_on,is_ansi_warnings_on,is_arithabort_on,is_concat_null_yields_null_on,is_numeric_roundabort_on,is_quoted_identifier_on,is_recursive_triggers_on,is_cursor_close_on_commit_on,is_local_cursor_default,is_fulltext_enabled,is_trustworthy_on,is_db_chaining_on,is_parameterization_forced,is_master_key_encrypted_by_server,is_query_store_on,is_published,is_subscribed,is_merge_published,is_distributor,is_sync_with_backup,service_broker_guid,is_broker_enabled,log_reuse_wait,log_reuse_wait_desc,is_date_correlation_on,is_cdc_enabled,is_encrypted,is_honor_broker_priority_on,replica_id,group_database_id,resource_pool_id,default_language_lcid,default_language_name,default_fulltext_language_lcid,default_fulltext_language_name,is_nested_triggers_on,is_transform_noise_words_on,two_digit_year_cutoff,containment,containment_desc,target_recovery_time_in_seconds,delayed_durability,delayed_durability_desc,is_memory_optimized_elevate_to_snapshot_on,is_federation_member,is_remote_data_archive_enabled,is_mixed_page_allocation_on
sa,master,1,,System.Byte[],2003/04/08 9:13:36,130,SQL_Latin1_General_CP1_CI_AS,0,MULTI_USER,False,False,False,0,ONLINE,False,False,False,1,ON,False,3,SIMPLE,2,CHECKSUM,True,False,True,False,False,False,False,False,False,False,False,False,False,False,False,False,False,True,False,False,False,False,False,False,False,False,00000000-0000-0000-0000-000000000000,False,0,NOTHING,False,False,False,False,,,,,,,,,,,0,NONE,0,0,DISABLED,False,False,False,True
sa,tempdb,2,,System.Byte[],2017/05/23 9:43:19,130,SQL_Latin1_General_CP1_CI_AS,0,MULTI_USER,False,False,False,0,ONLINE,False,False,False,0,OFF,False,3,SIMPLE,2,CHECKSUM,True,False,True,False,False,False,False,False,False,False,False,False,False,False,False,False,False,True,False,False,False,False,False,False,False,False,7c93ec08-bc57-46f6-bd45-71507305a0c2,True,0,NOTHING,False,False,False,False,,,,,,,,,,,0,NONE,60,0,DISABLED,False,False,False,False
sa,model,3,,System.Byte[],2003/04/08 9:13:36,130,SQL_Latin1_General_CP1_CI_AS,0,MULTI_USER,False,False,False,0,ONLINE,False,False,False,0,OFF,False,1,FULL,2,CHECKSUM,True,False,True,False,False,False,False,False,False,False,False,False,False,False,False,False,False,False,False,False,False,False,False,False,False,False,00000000-0000-0000-0000-000000000000,False,0,NOTHING,False,False,False,False,,,,,,,,,,,0,NONE,60,0,DISABLED,False,False,False,True
sa,msdb,4,,System.Byte[],2016/04/30 0:46:38,130,SQL_Latin1_General_CP1_CI_AS,0,MULTI_USER,False,False,False,0,ONLINE,False,False,False,1,ON,False,3,SIMPLE,2,CHECKSUM,True,False,True,False,False,False,False,False,False,False,False,False,False,False,False,True,True,True,False,False,False,False,False,False,False,False,2c836229-97d9-4b83-a860-baf16b18d1fc,True,0,NOTHING,False,False,False,False,,,,,,,,,,,0,NONE,60,0,DISABLED,False,False,False,True
SQL16\o9o9,db01,5,,System.Byte[],2017/01/19 14:16:27,130,SQL_Latin1_General_CP1_CI_AS,0,MULTI_USER,False,False,False,0,ONLINE,False,False,False,0,OFF,False,1,FULL,2,CHECKSUM,True,False,True,False,False,False,False,False,False,False,False,False,False,False,False,True,False,False,False,False,False,False,False,False,False,False,c00e9630-e88d-418b-8ed3-32030ad61c5a,False,2,LOG_BACKUP,False,False,False,False,,,,,,,,,,,0,NONE,90,0,DISABLED,False,False,False,True
SQL16\o9o9,db02,6,,System.Byte[],2017/01/19 14:16:34,130,SQL_Latin1_General_CP1_CI_AS,0,MULTI_USER,False,False,False,0,ONLINE,False,False,False,0,OFF,True,1,FULL,2,CHECKSUM,True,False,True,False,False,False,False,False,False,False,False,False,False,False,False,True,False,False,False,False,False,False,False,False,False,False,cad61085-c2f2-4471-89df-e489439c0abf,False,0,NOTHING,False,False,False,False,,,,,,,,,,,0,NONE,60,0,DISABLED,False,False,False,False
SQL16\o9o9,db03,7,,System.Byte[],2017/04/22 20:53:06,130,French_CI_AI,0,MULTI_USER,False,False,False,0,ONLINE,False,False,False,0,OFF,False,1,FULL,2,CHECKSUM,True,False,True,False,False,False,False,False,False,False,False,False,False,False,False,True,False,False,False,False,False,False,False,False,False,False,da74f285-cd3b-4b49-960a-4e316114f47b,False,0,NOTHING,False,False,False,False,,,,,,,,,,,0,NONE,60,0,DISABLED,False,False,False,False
