ring_buffer_address,ring_buffer_type,timestamp,record
System.Byte[],RING_BUFFER_RESOURCE_MONITOR,23040,"<Record id = ""0"" type =""RING_BUFFER_RESOURCE_MONITOR"" time =""23040""><ResourceMonitor><Notification>RESOURCE_MEMPHYSICAL_HIGH</Notification><IndicatorsProcess>0</IndicatorsProcess><IndicatorsSystem>1</IndicatorsSystem><IndicatorsPool>0</IndicatorsPool><NodeId>0</NodeId><Effect type=""APPLY_LOWPM"" state=""EFFECT_OFF"" reversed=""0"">0</Effect><Effect type=""APPLY_HIGHPM"" state=""EFFECT_ON"" reversed=""0"">0</Effect><Effect type=""REVERT_HIGHPM"" state=""EFFECT_OFF"" reversed=""0"">0</Effect></ResourceMonitor><MemoryNode id=""0""><TargetMemory>5748368</TargetMemory><ReservedMemory>16230556</ReservedMemory><CommittedMemory>91696</CommittedMemory><SharedMemory>0</SharedMemory><AWEMemory>68308</AWEMemory><PagesMemory>63712</PagesMemory></MemoryNode><MemoryRecord><MemoryUtilization>100</MemoryUtilization><TotalPhysicalMemory>7339572</TotalPhysicalMemory><AvailablePhysicalMemory>5906000</AvailablePhysicalMemory><TotalPageFile>8519220</TotalPageFile><AvailablePageFile>6874844</AvailablePageFile><TotalVirtualAddressSpace>137438953344</TotalVirtualAddressSpace><AvailableVirtualAddressSpace>137422333352</AvailableVirtualAddressSpace><AvailableExtendedVirtualAddressSpace>0</AvailableExtendedVirtualAddressSpace></MemoryRecord></Record>"
System.Byte[],RING_BUFFER_MEMORY_BROKER,12263,"<Record id = ""0"" type =""RING_BUFFER_MEMORY_BROKER"" time =""12263""><MemoryBroker><DeltaTime>2616</DeltaTime><Pool>1</Pool><Broker>MEMORYBROKER_FOR_CACHE</Broker><Notification>GROW</Notification><MemoryRatio>100</MemoryRatio><NewTarget>77822201560962172</NewTarget><Overall>77822201560962172</Overall><Rate>9</Rate><CurrentlyPredicted>33</CurrentlyPredicted><CurrentlyAllocated>24</CurrentlyAllocated><PreviouslyAllocated>0</PreviouslyAllocated></MemoryBroker></Record>"
System.Byte[],RING_BUFFER_MEMORY_BROKER,12263,"<Record id = ""1"" type =""RING_BUFFER_MEMORY_BROKER"" time =""12263""><MemoryBroker><DeltaTime>2616</DeltaTime><Pool>1</Pool><Broker>MEMORYBROKER_FOR_STEAL</Broker><Notification>GROW</Notification><MemoryRatio>100</MemoryRatio><NewTarget>77822201560962172</NewTarget><Overall>77822201560962172</Overall><Rate>311</Rate><CurrentlyPredicted>1126</CurrentlyPredicted><CurrentlyAllocated>815</CurrentlyAllocated><PreviouslyAllocated>0</PreviouslyAllocated></MemoryBroker></Record>"
System.Byte[],RING_BUFFER_MEMORY_BROKER,12263,"<Record id = ""2"" type =""RING_BUFFER_MEMORY_BROKER"" time =""12263""><MemoryBroker><DeltaTime>2616</DeltaTime><Pool>1</Pool><Broker>MEMORYBROKER_FOR_RESERVE</Broker><Notification>GROW</Notification><MemoryRatio>100</MemoryRatio><NewTarget>77822201560962172</NewTarget><Overall>77822201560962172</Overall><Rate>0</Rate><CurrentlyPredicted>0</CurrentlyPredicted><CurrentlyAllocated>0</CurrentlyAllocated><PreviouslyAllocated>0</PreviouslyAllocated></MemoryBroker></Record>"
System.Byte[],RING_BUFFER_MEMORY_BROKER,12263,"<Record id = ""3"" type =""RING_BUFFER_MEMORY_BROKER"" time =""12263""><MemoryBroker><DeltaTime>2616</DeltaTime><Pool>1</Pool><Broker>MEMORYBROKER_FOR_COMMITTED</Broker><Notification>GROW</Notification><MemoryRatio>100</MemoryRatio><NewTarget>77822201560962172</NewTarget><Overall>77822201560962172</Overall><Rate>1976</Rate><CurrentlyPredicted>7147</CurrentlyPredicted><CurrentlyAllocated>5171</CurrentlyAllocated><PreviouslyAllocated>0</PreviouslyAllocated></MemoryBroker></Record>"
System.Byte[],RING_BUFFER_MEMORY_BROKER,12263,"<Record id = ""4"" type =""RING_BUFFER_MEMORY_BROKER"" time =""12263""><MemoryBroker><DeltaTime>2616</DeltaTime><Pool>1</Pool><Broker>MEMORYBROKER_FOR_HASHED_DATA_PAGES</Broker><Notification>GROW</Notification><MemoryRatio>100</MemoryRatio><NewTarget>77822201560962172</NewTarget><Overall>77822201560962172</Overall><Rate>0</Rate><CurrentlyPredicted>0</CurrentlyPredicted><CurrentlyAllocated>0</CurrentlyAllocated><PreviouslyAllocated>0</PreviouslyAllocated></MemoryBroker></Record>"
System.Byte[],RING_BUFFER_MEMORY_BROKER,12263,"<Record id = ""5"" type =""RING_BUFFER_MEMORY_BROKER"" time =""12263""><MemoryBroker><DeltaTime>2616</DeltaTime><Pool>1</Pool><Broker>MEMORYBROKER_FOR_XTP</Broker><Notification>GROW</Notification><MemoryRatio>100</MemoryRatio><NewTarget>77822201560962172</NewTarget><Overall>77822201560962172</Overall><Rate>0</Rate><CurrentlyPredicted>0</CurrentlyPredicted><CurrentlyAllocated>0</CurrentlyAllocated><PreviouslyAllocated>0</PreviouslyAllocated></MemoryBroker></Record>"
System.Byte[],RING_BUFFER_MEMORY_BROKER,12263,"<Record id = ""6"" type =""RING_BUFFER_MEMORY_BROKER"" time =""12263""><MemoryBroker><DeltaTime>2616</DeltaTime><Pool>2</Pool><Broker>MEMORYBROKER_FOR_CACHE</Broker><Notification>GROW</Notification><MemoryRatio>100</MemoryRatio><NewTarget>77822201560962170</NewTarget><Overall>77822201560962170</Overall><Rate>0</Rate><CurrentlyPredicted>0</CurrentlyPredicted><CurrentlyAllocated>0</CurrentlyAllocated><PreviouslyAllocated>0</PreviouslyAllocated></MemoryBroker></Record>"
System.Byte[],RING_BUFFER_MEMORY_BROKER,12263,"<Record id = ""7"" type =""RING_BUFFER_MEMORY_BROKER"" time =""12263""><MemoryBroker><DeltaTime>2616</DeltaTime><Pool>2</Pool><Broker>MEMORYBROKER_FOR_STEAL</Broker><Notification>GROW</Notification><MemoryRatio>100</MemoryRatio><NewTarget>77822201560962170</NewTarget><Overall>77822201560962170</Overall><Rate>0</Rate><CurrentlyPredicted>0</CurrentlyPredicted><CurrentlyAllocated>0</CurrentlyAllocated><PreviouslyAllocated>0</PreviouslyAllocated></MemoryBroker></Record>"
System.Byte[],RING_BUFFER_MEMORY_BROKER,12263,"<Record id = ""8"" type =""RING_BUFFER_MEMORY_BROKER"" time =""12263""><MemoryBroker><DeltaTime>2616</DeltaTime><Pool>2</Pool><Broker>MEMORYBROKER_FOR_RESERVE</Broker><Notification>GROW</Notification><MemoryRatio>100</MemoryRatio><NewTarget>77822201560962170</NewTarget><Overall>77822201560962170</Overall><Rate>0</Rate><CurrentlyPredicted>0</CurrentlyPredicted><CurrentlyAllocated>0</CurrentlyAllocated><PreviouslyAllocated>0</PreviouslyAllocated></MemoryBroker></Record>"
System.Byte[],RING_BUFFER_MEMORY_BROKER,12263,"<Record id = ""9"" type =""RING_BUFFER_MEMORY_BROKER"" time =""12263""><MemoryBroker><DeltaTime>2616</DeltaTime><Pool>2</Pool><Broker>MEMORYBROKER_FOR_COMMITTED</Broker><Notification>GROW</Notification><MemoryRatio>100</MemoryRatio><NewTarget>77822201560962170</NewTarget><Overall>77822201560962170</Overall><Rate>0</Rate><CurrentlyPredicted>0</CurrentlyPredicted><CurrentlyAllocated>0</CurrentlyAllocated><PreviouslyAllocated>0</PreviouslyAllocated></MemoryBroker></Record>"
System.Byte[],RING_BUFFER_MEMORY_BROKER,12263,"<Record id = ""10"" type =""RING_BUFFER_MEMORY_BROKER"" time =""12263""><MemoryBroker><DeltaTime>2616</DeltaTime><Pool>2</Pool><Broker>MEMORYBROKER_FOR_HASHED_DATA_PAGES</Broker><Notification>GROW</Notification><MemoryRatio>100</MemoryRatio><NewTarget>77822201560962170</NewTarget><Overall>77822201560962170</Overall><Rate>0</Rate><CurrentlyPredicted>0</CurrentlyPredicted><CurrentlyAllocated>0</CurrentlyAllocated><PreviouslyAllocated>0</PreviouslyAllocated></MemoryBroker></Record>"
System.Byte[],RING_BUFFER_MEMORY_BROKER,12263,"<Record id = ""11"" type =""RING_BUFFER_MEMORY_BROKER"" time =""12263""><MemoryBroker><DeltaTime>2616</DeltaTime><Pool>2</Pool><Broker>MEMORYBROKER_FOR_XTP</Broker><Notification>GROW</Notification><MemoryRatio>100</MemoryRatio><NewTarget>77822201560962170</NewTarget><Overall>77822201560962170</Overall><Rate>0</Rate><CurrentlyPredicted>0</CurrentlyPredicted><CurrentlyAllocated>0</CurrentlyAllocated><PreviouslyAllocated>0</PreviouslyAllocated></MemoryBroker></Record>"
