counter,occurrence,value
optimizations,529,1
elapsed time,528,0.00830871212121212
final cost,528,0.478917643405565
trivial plan,105,1
tasks,423,1086.02836879433
no plan,0,
search 0,177,1
search 0 time,183,0.00775956284153006
search 0 tasks,183,1596.54644808743
search 1,244,1
search 1 time,253,0.0021897233201581
search 1 tasks,253,644.272727272727
search 2,2,1
search 2 time,4,0.0045
search 2 tasks,4,1055.25
gain stage 0 to stage 1,3,0.27744943295355
gain stage 1 to stage 2,2,0.836135463129111
timeout,16,1
memory limit exceeded,0,
insert stmt,29,1
delete stmt,0,
update stmt,0,
merge stmt,0,
contains subquery,111,1
unnest failed,631,1
tables,529,5.83742911153119
hints,14,1
order hint,14,1
join hint,14,1
view reference,441,1
remote query,0,
maximum DOP,529,0.4234404536862
maximum recursion level,0,
indexed views loaded,0,
indexed views matched,0,
indexed views used,0,
indexed views updated,0,
dynamic cursor request,1,1
fast forward cursor request,0,
