dbaname,tabname,idxname,index_id,partition_number,row_lock_count,row_lock_wait_count,row_lock_wait_in_ms,row block %,avg row lock waits in ms,page_lock_count,page_lock_wait_count,page_lock_wait_in_ms,page block %,avg page lock waits in ms,page_latch_wait_count,page_latch_wait_in_ms,avg page latch waits in ms,page_io_latch_wait_count,page_io_latch_wait_in_ms,avg page io latch waits in ms,tree_page_latch_wait_count,tree_page_latch_wait_in_ms,avg tree page latch waits in ms,tree_page_io_latch_wait_count,tree_page_io_latch_wait_in_ms,avg tree page io latch waits in ms,index_lock_promotion_attempt_count,index_lock_promotion_count,page_compression_attempt_count,page_compression_success_count
tempdb,#A1610309,,0,1,0,0,0,0.00,0.00,0,0,0,0.00,0.00,0,0,0.00,0,0,0.00,0,0,0.00,0,0,0.00,0,0,0,0
tempdb,#A43D6FB4,,0,1,0,0,0,0.00,0.00,0,0,0,0.00,0.00,0,0,0.00,0,0,0.00,0,0,0.00,0,0,0.00,0,0,0,0
tempdb,#A719DC5F,,0,1,0,0,0,0.00,0.00,0,0,0,0.00,0.00,0,0,0.00,0,0,0.00,0,0,0.00,0,0,0.00,0,0,0,0
tempdb,#BF78BA97,,0,1,0,0,0,0.00,0.00,0,0,0,0.00,0.00,0,0,0.00,0,0,0.00,0,0,0.00,0,0,0.00,0,0,0,0
tempdb,#A2552742,,0,1,0,0,0,0.00,0.00,0,0,0,0.00,0.00,0,0,0.00,0,0,0.00,0,0,0.00,0,0,0.00,0,0,0,0
tempdb,#A53193ED,,0,1,0,0,0,0.00,0.00,0,0,0,0.00,0.00,0,0,0.00,0,0,0.00,0,0,0.00,0,0,0.00,0,0,0,0
tempdb,#A80E0098,,0,1,0,0,0,0.00,0.00,0,0,0,0.00,0.00,0,0,0.00,0,0,0.00,0,0,0.00,0,0,0.00,0,0,0,0
tempdb,#AAEA6D43,,0,1,0,0,0,0.00,0.00,0,0,0,0.00,0.00,0,0,0.00,0,0,0.00,0,0,0.00,0,0,0.00,0,0,0,0
tempdb,#A9F6490A,,0,1,0,0,0,0.00,0.00,0,0,0,0.00,0.00,0,0,0.00,0,0,0.00,0,0,0.00,0,0,0.00,0,0,0,0
tempdb,#A06CDED0,,0,1,0,0,0,0.00,0.00,0,0,0,0.00,0.00,0,0,0.00,0,0,0.00,0,0,0.00,0,0,0.00,0,0,0,0
tempdb,#A3494B7B,,0,1,0,0,0,0.00,0.00,0,0,0,0.00,0.00,0,0,0.00,0,0,0.00,0,0,0.00,0,0,0.00,0,0,0,0
tempdb,#A625B826,,0,1,0,0,0,0.00,0.00,0,0,0,0.00,0.00,0,0,0.00,0,0,0.00,0,0,0.00,0,0,0.00,0,0,0,0
tempdb,#A90224D1,,0,1,0,0,0,0.00,0.00,0,0,0,0.00,0.00,0,0,0.00,0,0,0.00,0,0,0.00,0,0,0.00,0,0,0,0
tempdb,#ABDE917C,,0,1,0,0,0,0.00,0.00,0,0,0,0.00,0.00,0,0,0.00,0,0,0.00,0,0,0.00,0,0,0.00,0,0,0,0
