session_id,request_id,scheduler_id,dop,request_time,grant_time,requested_memory_kb,granted_memory_kb,required_memory_kb,used_memory_kb,max_used_memory_kb,query_cost,timeout_sec,resource_semaphore_id,queue_id,wait_order,is_next_candidate,wait_time_ms,plan_handle,sql_handle,group_id,pool_id,is_small,ideal_memory_kb,reserved_worker_count,used_worker_count,max_used_worker_count,reserved_node_bitmap,Statement Text
52,0,0,1,2017/05/23 15:18:41,2017/05/23 15:18:41,1024,1024,512,0,0,0.0127677278268661,25,1,,,,,System.Byte[],System.Byte[],2,2,True,576,,,,,"USE master; USE tempdb  -- 2000互換モードのDBだとCROSS APPLYがsyntax errorになるのでtempdbに移動
SELECT TOP 50 /*mssqlstats_v1*/
  mg.*, qt.text AS ""Statement Text""
FROM
  sys.dm_exec_query_memory_grants AS mg
  CROSS APPLY sys.dm_exec_sql_text (mg.sql_handle) AS qt
ORDER BY wait_time_ms DESC
OPTION(RECOMPILE)"
