wait_type,waiting_tasks_count,wait_time_ms,avg_wait_time_ms,max_wait_time_ms,signal_wait_time_ms
LCK_M_S,4,2766,691,795,1
PAGEIOLATCH_SH,688,2236,3,79,122
WRITELOG,678,2021,2,119,49
PARALLEL_REDO_WORKER_WAIT_WORK,72,1210,16,70,219
PREEMPTIVE_OS_WRITEFILE,72,802,11,406,0
IO_COMPLETION,112,649,5,48,40
PREEMPTIVE_XE_GETTARGETSTATE,627,620,0,48,0
PAGEIOLATCH_EX,18,406,22,390,2
WRITE_COMPLETION,34,287,8,49,0
PREEMPTIVE_OS_WRITEFILEGATHER,7,174,24,90,0
PREEMPTIVE_XE_SESSIONCOMMIT,1652,162,0,2,0
PREEMPTIVE_OS_CREATEFILE,51,152,2,27,0
ASYNC_IO_COMPLETION,1,110,110,110,0
PREEMPTIVE_OS_QUERYREGISTRY,399,107,0,5,0
XE_BUFFERMGR_ALLPROCESSED_EVENT,45,103,2,33,43
MSQL_XP,10,102,10,40,0
PAGEIOLATCH_UP,20,77,3,8,3
ASYNC_NETWORK_IO,550,65,0,13,29
THREADPOOL,40,61,1,12,0
SOS_SCHEDULER_YIELD,1542,60,0,9,59
PREEMPTIVE_OS_GETFILEATTRIBUTES,43,51,1,18,0
PREEMPTIVE_XE_TARGETINIT,554,46,0,17,0
PREEMPTIVE_XE_CALLBACKEXECUTE,23467,39,0,7,0
QDS_ASYNC_PERSIST_TASK_START,1,34,34,34,0
PREEMPTIVE_OS_LOADLIBRARY,2,31,15,23,0
PREEMPTIVE_OS_REPORTEVENT,40,18,0,6,0
PREEMPTIVE_OS_DELETESECURITYCONTEXT,39,17,0,14,0
LCK_M_SCH_M,1,12,12,12,0
RECOVERY_MGR_LOCK,1,12,12,12,0
PARALLEL_REDO_WORKER_SYNC,3,8,2,8,0
PREEMPTIVE_XE_TARGETFINALIZE,550,7,0,0,0
PREEMPTIVE_OS_DISCONNECTNAMEDPIPE,38,7,0,5,0
SQLTRACE_FILE_BUFFER,2,6,3,3,0
SNI_TASK_COMPLETION,1,4,4,4,0
PREEMPTIVE_OS_CRYPTACQUIRECONTEXT,28,4,0,1,0
PREEMPTIVE_OS_CRYPTIMPORTKEY,26,4,0,3,0
PREEMPTIVE_FILESIZEGET,34,2,0,0,0
PREEMPTIVE_OS_SETFILEVALIDDATA,1,2,2,2,0
RESERVED_MEMORY_ALLOCATION_EXT,2286,1,0,0,0
PREEMPTIVE_SB_STOPENDPOINT,1,1,1,1,0
PREEMPTIVE_OS_DOMAINSERVICESOPS,1,1,1,1,0
PERFORMANCE_COUNTERS_RWLOCK,5,1,0,0,0
BROKER_MASTERSTART,1,1,1,1,0
PREEMPTIVE_OS_AUTHORIZATIONOPS,61,1,0,0,0
LATCH_SH,1,1,1,1,0
