io_stall,io_stall_read_ms,io_stall_write_ms,num_of_reads,num_of_writes,size_on_disk_mb,dbname,name,file_id,db_file_type,disk_location
320356,320348,8,1156,1,72.562500,db01,db01,1,Data,C:
1875,9,1866,10,671,2.000000,master,mastlog,2,Log,C:
452,164,288,57,71,4.437500,master,master,1,Data,C:
432,417,15,36,5,72.000000,tempdb,tempdev,1,Data,C:
322,302,20,34,5,19.625000,msdb,MSDBLog,2,Log,C:
230,210,20,34,2,8.000000,model,modeldev,1,Data,C:
212,204,8,108,1,17.937500,msdb,MSDBData,1,Data,C:
199,184,15,11,4,72.000000,db01,db01_log,2,Log,C:
120,10,110,7,10,8.000000,tempdb,templog,2,Log,C:
111,30,81,9,9,8.000000,model,modellog,2,Log,C:
107,101,6,44,1,8.000000,db02,db02,1,Data,C:
105,26,79,7,5,8.000000,db03,db03_log,2,Log,C:
97,93,4,46,1,8.000000,db03,db03,1,Data,C:
29,19,10,7,4,8.000000,db02,db02_log,2,Log,C:
