ParentObject,Object,Field,VALUE
DBINFO STRUCTURE:,DBINFO @0x000000CD29CFD5C0,dbi_version,852
DBINFO STRUCTURE:,DBINFO @0x000000CD29CFD5C0,dbi_createVersion,852
DBINFO STRUCTURE:,DBINFO @0x000000CD29CFD5C0,dbi_SEVersion,0
DBINFO STRUCTURE:,DBINFO @0x000000CD29CFD5C0,dbi_dvSplitPoint,0:0:0 (0x00000000:00000000:0000)
DBINFO STRUCTURE:,DBINFO @0x000000CD29CFD5C0,dbi_dbbackupLSN,63:56:1 (0x0000003f:00000038:0001)
DBINFO STRUCTURE:,DBINFO @0x000000CD29CFD5C0,dbi_LastLogBackupTime,2017-02-16 10:56:37.130
DBINFO STRUCTURE:,DBINFO @0x000000CD29CFD5C0,dbi_nextseqnum,1900-01-01 00:00:00.000
DBINFO STRUCTURE:,DBINFO @0x000000CD29CFD5C0,dbi_status,0x00010000
DBINFO STRUCTURE:,DBINFO @0x000000CD29CFD5C0,dbi_crdate,2017-01-19 14:16:27.703
DBINFO STRUCTURE:,DBINFO @0x000000CD29CFD5C0,dbi_dbname,db01
DBINFO STRUCTURE:,DBINFO @0x000000CD29CFD5C0,dbi_dbid,5
DBINFO STRUCTURE:,DBINFO @0x000000CD29CFD5C0,dbi_cmptlevel,130
DBINFO STRUCTURE:,DBINFO @0x000000CD29CFD5C0,dbi_masterfixups,0
DBINFO STRUCTURE:,DBINFO @0x000000CD29CFD5C0,dbi_maxDbTimestamp,10000
DBINFO STRUCTURE:,DBINFO @0x000000CD29CFD5C0,dbi_dbbackupLSN,63:56:1 (0x0000003f:00000038:0001)
DBINFO STRUCTURE:,DBINFO @0x000000CD29CFD5C0,dbi_RebuildLogs,0
DBINFO STRUCTURE:,DBINFO @0x000000CD29CFD5C0,dbi_differentialBaseLSN,55:22464:37 (0x00000037:000057c0:0025)
DBINFO STRUCTURE:,DBINFO @0x000000CD29CFD5C0,dbi_RestoreFlags,0x0000
DBINFO STRUCTURE:,DBINFO @0x000000CD29CFD5C0,dbi_checkptLSN,64:1976:2 (0x00000040:000007b8:0002)
DBINFO STRUCTURE:,DBINFO @0x000000CD29CFD5C0,dbi_dbccFlags,2
DBINFO STRUCTURE:,DBINFO @0x000000CD29CFD5C0,dbi_COWLastLSN,0:0:0 (0x00000000:00000000:0000)
DBINFO STRUCTURE:,DBINFO @0x000000CD29CFD5C0,dbi_DirtyPageLSN,64:1976:2 (0x00000040:000007b8:0002)
DBINFO STRUCTURE:,DBINFO @0x000000CD29CFD5C0,dbi_RecoveryFlags,0x00000000
DBINFO STRUCTURE:,DBINFO @0x000000CD29CFD5C0,dbi_lastxact,0x148e9
DBINFO STRUCTURE:,DBINFO @0x000000CD29CFD5C0,dbi_collation,872468488
DBINFO STRUCTURE:,DBINFO @0x000000CD29CFD5C0,dbi_relstat,0x61000000
DBINFO STRUCTURE:,DBINFO @0x000000CD29CFD5C0,dbi_familyGUID,9a28fdbb-3097-48d6-90a1-6895eb0344eb
DBINFO STRUCTURE:,DBINFO @0x000000CD29CFD5C0,dbi_maxLogSpaceUsed,310435840
dbi_recoveryForkNameStack,entry 0,hex (dec),0x00000000:00000000:0000 (0:0:0)
DBINFO @0x000000CD29CFD5C0,dbi_recoveryForkNameStack,m_guid,9a28fdbb-3097-48d6-90a1-6895eb0344eb
dbi_recoveryForkNameStack,entry 1,hex (dec),0x00000000:00000000:0000 (0:0:0)
DBINFO @0x000000CD29CFD5C0,dbi_recoveryForkNameStack,m_guid,00000000-0000-0000-0000-000000000000
DBINFO STRUCTURE:,DBINFO @0x000000CD29CFD5C0,dbi_differentialBaseGuid,c30f5c5a-4cd6-440a-bf86-2c89e6a747b7
DBINFO STRUCTURE:,DBINFO @0x000000CD29CFD5C0,dbi_firstSysIndexes,0001:00000014
DBINFO STRUCTURE:,DBINFO @0x000000CD29CFD5C0,dbi_oldestBackupXactLSN,63:56:1 (0x0000003f:00000038:0001)
DBINFO STRUCTURE:,DBINFO @0x000000CD29CFD5C0,dbi_versionChangeLSN,0:0:0 (0x00000000:00000000:0000)
DBINFO STRUCTURE:,DBINFO @0x000000CD29CFD5C0,dbi_mdUpgStat,0x0004
DBINFO STRUCTURE:,DBINFO @0x000000CD29CFD5C0,dbi_category,0x0000000000000000
DBINFO STRUCTURE:,DBINFO @0x000000CD29CFD5C0,dbi_safetySequence,0
DBINFO STRUCTURE:,DBINFO @0x000000CD29CFD5C0,dbi_dbMirrorId,00000000-0000-0000-0000-000000000000
DBINFO STRUCTURE:,DBINFO @0x000000CD29CFD5C0,dbi_pageUndoLsn,0:0:0 (0x00000000:00000000:0000)
DBINFO STRUCTURE:,DBINFO @0x000000CD29CFD5C0,dbi_pageUndoState,0
DBINFO STRUCTURE:,DBINFO @0x000000CD29CFD5C0,dbi_disabledSequence,0
DBINFO STRUCTURE:,DBINFO @0x000000CD29CFD5C0,dbi_dbmRedoLsn,0:0:0 (0x00000000:00000000:0000)
DBINFO STRUCTURE:,DBINFO @0x000000CD29CFD5C0,dbi_dbmOldestXactLsn,0:0:0 (0x00000000:00000000:0000)
DBINFO STRUCTURE:,DBINFO @0x000000CD29CFD5C0,dbi_CloneCpuCount,0
DBINFO STRUCTURE:,DBINFO @0x000000CD29CFD5C0,dbi_CloneMemorySize,0
DBINFO STRUCTURE:,DBINFO @0x000000CD29CFD5C0,dbi_updSysCatalog,1900-01-01 00:00:00.000
DBINFO STRUCTURE:,DBINFO @0x000000CD29CFD5C0,dbi_LogBackupChainOrigin,34:1000:37 (0x00000022:000003e8:0025)
DBINFO STRUCTURE:,DBINFO @0x000000CD29CFD5C0,dbi_dbccLastKnownGood,2017-02-18 17:45:20.490
DBINFO STRUCTURE:,DBINFO @0x000000CD29CFD5C0,dbi_roleSequence,0
DBINFO STRUCTURE:,DBINFO @0x000000CD29CFD5C0,dbi_dbmHardenedLsn,0:0:0 (0x00000000:00000000:0000)
DBINFO STRUCTURE:,DBINFO @0x000000CD29CFD5C0,dbi_localState,0
DBINFO STRUCTURE:,DBINFO @0x000000CD29CFD5C0,dbi_safety,0
DBINFO STRUCTURE:,DBINFO @0x000000CD29CFD5C0,dbi_modDate,2017-01-19 14:16:27.703
DBINFO STRUCTURE:,DBINFO @0x000000CD29CFD5C0,dbi_verRDB,218107809
DBINFO STRUCTURE:,DBINFO @0x000000CD29CFD5C0,dbi_delayedDurabilityOption,0
DBINFO STRUCTURE:,DBINFO @0x000000CD29CFD5C0,dbi_svcBrokerGUID,c00e9630-e88d-418b-8ed3-32030ad61c5a
DBINFO STRUCTURE:,DBINFO @0x000000CD29CFD5C0,dbi_svcBrokerOptions,0x00000000
DBINFO STRUCTURE:,DBINFO @0x000000CD29CFD5C0,dbi_dbmLogZeroOutstanding,0
DBINFO STRUCTURE:,DBINFO @0x000000CD29CFD5C0,dbi_dbmLastGoodRoleSequence,0
DBINFO STRUCTURE:,DBINFO @0x000000CD29CFD5C0,dbi_dbmRedoQueue,0
DBINFO STRUCTURE:,DBINFO @0x000000CD29CFD5C0,dbi_dbmRedoQueueType,0
DBINFO STRUCTURE:,DBINFO @0x000000CD29CFD5C0,dbi_rmidRegistryValueDeleted,0
DBINFO STRUCTURE:,DBINFO @0x000000CD29CFD5C0,dbi_dbmConnectionTimeout,0
DBINFO STRUCTURE:,DBINFO @0x000000CD29CFD5C0,dbi_AuIdNext,1099511627962
DBINFO STRUCTURE:,DBINFO @0x000000CD29CFD5C0,dbi_MinSkipLsn,0:0:0 (0x00000000:00000000:0000)
DBINFO STRUCTURE:,DBINFO @0x000000CD29CFD5C0,dbi_commitTsOfcheckptLSN,0
DBINFO STRUCTURE:,DBINFO @0x000000CD29CFD5C0,dbi_dbEmptyVersionState,0
DBINFO STRUCTURE:,DBINFO @0x000000CD29CFD5C0,dbi_CurrentGeneration,0
dbi_EncryptionHistory,Scan 0,hex (dec),0x00000000:00000000:0000 (0:0:0)
DBINFO @0x000000CD29CFD5C0,dbi_EncryptionHistory,EncryptionScanInfo:ScanId,0
dbi_EncryptionHistory,Scan 1,hex (dec),0x00000000:00000000:0000 (0:0:0)
DBINFO @0x000000CD29CFD5C0,dbi_EncryptionHistory,EncryptionScanInfo:ScanId,0
dbi_EncryptionHistory,Scan 2,hex (dec),0x00000000:00000000:0000 (0:0:0)
DBINFO @0x000000CD29CFD5C0,dbi_EncryptionHistory,EncryptionScanInfo:ScanId,0
DBINFO STRUCTURE:,DBINFO @0x000000CD29CFD5C0,dbi_latestVersioningUpgradeLSN,18:43:69 (0x00000012:0000002b:0045)
DBINFO STRUCTURE:,DBINFO @0x000000CD29CFD5C0,dbi_PendingRestoreOutcomesId,00000000-0000-0000-0000-000000000000
DBINFO STRUCTURE:,DBINFO @0x000000CD29CFD5C0,dbi_ContainmentState,0
DBINFO STRUCTURE:,DBINFO @0x000000CD29CFD5C0,dbi_hkRecoveryLSN,0:0:0 (0x00000000:00000000:0000)
DBINFO STRUCTURE:,DBINFO @0x000000CD29CFD5C0,dbi_hkLogTruncationLSN,0:0:0 (0x00000000:00000000:0000)
DBINFO STRUCTURE:,DBINFO @0x000000CD29CFD5C0,dbi_hkCompatibilityMode,0
DBINFO STRUCTURE:,DBINFO @0x000000CD29CFD5C0,dbi_hkRootFile,00000000-0000-0000-0000-000000000000
DBINFO STRUCTURE:,DBINFO @0x000000CD29CFD5C0,dbi_hkRootFileWatermark,0
DBINFO STRUCTURE:,DBINFO @0x000000CD29CFD5C0,dbi_hkTrimLSN,0:0:0 (0x00000000:00000000:0000)
DBINFO STRUCTURE:,DBINFO @0x000000CD29CFD5C0,dbi_hkUpgradeLSN,0:0:0 (0x00000000:00000000:0000)
DBINFO STRUCTURE:,DBINFO @0x000000CD29CFD5C0,dbi_hkUndeployLSN,0:0:0 (0x00000000:00000000:0000)
