dbaname,tabname,idxname,index_id,partition_number,row_lock_count,row_lock_wait_count,row_lock_wait_in_ms,row block %,avg row lock waits in ms,page_lock_count,page_lock_wait_count,page_lock_wait_in_ms,page block %,avg page lock waits in ms,page_latch_wait_count,page_latch_wait_in_ms,avg page latch waits in ms,page_io_latch_wait_count,page_io_latch_wait_in_ms,avg page io latch waits in ms,tree_page_latch_wait_count,tree_page_latch_wait_in_ms,avg tree page latch waits in ms,tree_page_io_latch_wait_count,tree_page_io_latch_wait_in_ms,avg tree page io latch waits in ms,index_lock_promotion_attempt_count,index_lock_promotion_count,page_compression_attempt_count,page_compression_success_count
db01,Table_1,,0,1,0,0,0,0.00,0.00,0,0,0,0.00,0.00,0,0,0.00,0,0,0.00,0,0,0.00,0,0,0.00,0,0,0,0
db01,Table_2,,0,1,0,0,0,0.00,0.00,0,0,0,0.00,0.00,0,0,0.00,0,0,0.00,0,0,0.00,0,0,0.00,0,0,0,0
db01,Table_3,,0,1,0,0,0,0.00,0.00,0,0,0,0.00,0.00,0,0,0.00,0,0,0.00,0,0,0.00,0,0,0.00,0,0,0,0
db01,table01,index01,1,1,0,0,0,0.00,0.00,0,0,0,0.00,0.00,0,0,0.00,0,0,0.00,0,0,0.00,0,0,0.00,0,0,0,0
db01,table02,index01,1,1,0,0,0,0.00,0.00,0,0,0,0.00,0.00,0,0,0.00,35,30,0.83,0,0,0.00,35,30,0.83,0,0,0,0
db01,Table_4,,0,1,0,0,0,0.00,0.00,0,0,0,0.00,0.00,0,0,0.00,0,0,0.00,0,0,0.00,0,0,0.00,0,0,0,0
db01,test_no_table_1,,0,1,0,0,0,0.00,0.00,0,0,0,0.00,0.00,0,0,0.00,0,0,0.00,0,0,0.00,0,0,0.00,0,0,0,0
db01,test_no_table_2,,0,1,0,0,0,0.00,0.00,0,0,0,0.00,0.00,0,0,0.00,0,0,0.00,0,0,0.00,0,0,0.00,0,0,0,0
db01,test_no_table_3,,0,1,0,0,0,0.00,0.00,0,0,0,0.00,0.00,0,0,0.00,0,0,0.00,0,0,0.00,0,0,0.00,0,0,0,0
db01,Table_5,,0,1,0,0,0,0.00,0.00,0,0,0,0.00,0.00,0,0,0.00,0,0,0.00,0,0,0.00,0,0,0.00,0,0,0,0
db01,Table_6,,0,1,0,0,0,0.00,0.00,0,0,0,0.00,0.00,0,0,0.00,0,0,0.00,0,0,0.00,0,0,0.00,0,0,0,0
db01,Table_7,,0,1,0,0,0,0.00,0.00,0,0,0,0.00,0.00,0,0,0.00,0,0,0.00,0,0,0.00,0,0,0.00,0,0,0,0
db01,Table_8,,0,1,0,0,0,0.00,0.00,0,0,0,0.00,0.00,0,0,0.00,0,0,0.00,0,0,0.00,0,0,0.00,0,0,0,0
db01,tblVarcharMax,,0,1,0,0,0,0.00,0.00,0,0,0,0.00,0.00,0,0,0.00,0,0,0.00,0,0,0.00,0,0,0.00,0,0,0,0
