ParentObject,Object,Field,VALUE
DBINFO STRUCTURE:,DBINFO @0x00000090997FD420,dbi_version,852
DBINFO STRUCTURE:,DBINFO @0x00000090997FD420,dbi_createVersion,852
DBINFO STRUCTURE:,DBINFO @0x00000090997FD420,dbi_SEVersion,0
DBINFO STRUCTURE:,DBINFO @0x00000090997FD420,dbi_dvSplitPoint,0:0:0 (0x00000000:00000000:0000)
DBINFO STRUCTURE:,DBINFO @0x00000090997FD420,dbi_dbbackupLSN,0:0:0 (0x00000000:00000000:0000)
DBINFO STRUCTURE:,DBINFO @0x00000090997FD420,dbi_LastLogBackupTime,1900-01-01 00:00:00.000
DBINFO STRUCTURE:,DBINFO @0x00000090997FD420,dbi_nextseqnum,1900-01-01 00:00:00.000
DBINFO STRUCTURE:,DBINFO @0x00000090997FD420,dbi_status,0x00810000
DBINFO STRUCTURE:,DBINFO @0x00000090997FD420,dbi_crdate,2017-01-19 14:16:35.323
DBINFO STRUCTURE:,DBINFO @0x00000090997FD420,dbi_dbname,db02
DBINFO STRUCTURE:,DBINFO @0x00000090997FD420,dbi_dbid,6
DBINFO STRUCTURE:,DBINFO @0x00000090997FD420,dbi_cmptlevel,130
DBINFO STRUCTURE:,DBINFO @0x00000090997FD420,dbi_masterfixups,0
DBINFO STRUCTURE:,DBINFO @0x00000090997FD420,dbi_maxDbTimestamp,4000
DBINFO STRUCTURE:,DBINFO @0x00000090997FD420,dbi_dbbackupLSN,0:0:0 (0x00000000:00000000:0000)
DBINFO STRUCTURE:,DBINFO @0x00000090997FD420,dbi_RebuildLogs,0
DBINFO STRUCTURE:,DBINFO @0x00000090997FD420,dbi_differentialBaseLSN,0:0:0 (0x00000000:00000000:0000)
DBINFO STRUCTURE:,DBINFO @0x00000090997FD420,dbi_RestoreFlags,0x0000
DBINFO STRUCTURE:,DBINFO @0x00000090997FD420,dbi_checkptLSN,34:1776:2 (0x00000022:000006f0:0002)
DBINFO STRUCTURE:,DBINFO @0x00000090997FD420,dbi_dbccFlags,2
DBINFO STRUCTURE:,DBINFO @0x00000090997FD420,dbi_COWLastLSN,0:0:0 (0x00000000:00000000:0000)
DBINFO STRUCTURE:,DBINFO @0x00000090997FD420,dbi_DirtyPageLSN,34:1776:2 (0x00000022:000006f0:0002)
DBINFO STRUCTURE:,DBINFO @0x00000090997FD420,dbi_RecoveryFlags,0x00000000
DBINFO STRUCTURE:,DBINFO @0x00000090997FD420,dbi_lastxact,0x37d
DBINFO STRUCTURE:,DBINFO @0x00000090997FD420,dbi_collation,872468488
DBINFO STRUCTURE:,DBINFO @0x00000090997FD420,dbi_relstat,0x61000000
DBINFO STRUCTURE:,DBINFO @0x00000090997FD420,dbi_familyGUID,bde1f762-65f9-4932-b99a-b10a1df719ac
DBINFO STRUCTURE:,DBINFO @0x00000090997FD420,dbi_maxLogSpaceUsed,1257472
dbi_recoveryForkNameStack,entry 0,hex (dec),0x00000000:00000000:0000 (0:0:0)
DBINFO @0x00000090997FD420,dbi_recoveryForkNameStack,m_guid,bde1f762-65f9-4932-b99a-b10a1df719ac
dbi_recoveryForkNameStack,entry 1,hex (dec),0x00000000:00000000:0000 (0:0:0)
DBINFO @0x00000090997FD420,dbi_recoveryForkNameStack,m_guid,00000000-0000-0000-0000-000000000000
DBINFO STRUCTURE:,DBINFO @0x00000090997FD420,dbi_differentialBaseGuid,00000000-0000-0000-0000-000000000000
DBINFO STRUCTURE:,DBINFO @0x00000090997FD420,dbi_firstSysIndexes,0001:00000014
DBINFO STRUCTURE:,DBINFO @0x00000090997FD420,dbi_oldestBackupXactLSN,0:0:0 (0x00000000:00000000:0000)
DBINFO STRUCTURE:,DBINFO @0x00000090997FD420,dbi_versionChangeLSN,0:0:0 (0x00000000:00000000:0000)
DBINFO STRUCTURE:,DBINFO @0x00000090997FD420,dbi_mdUpgStat,0x0004
DBINFO STRUCTURE:,DBINFO @0x00000090997FD420,dbi_category,0x0000000000000000
DBINFO STRUCTURE:,DBINFO @0x00000090997FD420,dbi_safetySequence,0
DBINFO STRUCTURE:,DBINFO @0x00000090997FD420,dbi_dbMirrorId,00000000-0000-0000-0000-000000000000
DBINFO STRUCTURE:,DBINFO @0x00000090997FD420,dbi_pageUndoLsn,0:0:0 (0x00000000:00000000:0000)
DBINFO STRUCTURE:,DBINFO @0x00000090997FD420,dbi_pageUndoState,0
DBINFO STRUCTURE:,DBINFO @0x00000090997FD420,dbi_disabledSequence,0
DBINFO STRUCTURE:,DBINFO @0x00000090997FD420,dbi_dbmRedoLsn,0:0:0 (0x00000000:00000000:0000)
DBINFO STRUCTURE:,DBINFO @0x00000090997FD420,dbi_dbmOldestXactLsn,0:0:0 (0x00000000:00000000:0000)
DBINFO STRUCTURE:,DBINFO @0x00000090997FD420,dbi_CloneCpuCount,0
DBINFO STRUCTURE:,DBINFO @0x00000090997FD420,dbi_CloneMemorySize,0
DBINFO STRUCTURE:,DBINFO @0x00000090997FD420,dbi_updSysCatalog,1900-01-01 00:00:00.000
DBINFO STRUCTURE:,DBINFO @0x00000090997FD420,dbi_LogBackupChainOrigin,0:0:0 (0x00000000:00000000:0000)
DBINFO STRUCTURE:,DBINFO @0x00000090997FD420,dbi_dbccLastKnownGood,1900-01-01 00:00:00.000
DBINFO STRUCTURE:,DBINFO @0x00000090997FD420,dbi_roleSequence,0
DBINFO STRUCTURE:,DBINFO @0x00000090997FD420,dbi_dbmHardenedLsn,0:0:0 (0x00000000:00000000:0000)
DBINFO STRUCTURE:,DBINFO @0x00000090997FD420,dbi_localState,0
DBINFO STRUCTURE:,DBINFO @0x00000090997FD420,dbi_safety,0
DBINFO STRUCTURE:,DBINFO @0x00000090997FD420,dbi_modDate,2017-01-19 14:16:35.323
DBINFO STRUCTURE:,DBINFO @0x00000090997FD420,dbi_verRDB,218107809
DBINFO STRUCTURE:,DBINFO @0x00000090997FD420,dbi_delayedDurabilityOption,0
DBINFO STRUCTURE:,DBINFO @0x00000090997FD420,dbi_svcBrokerGUID,cad61085-c2f2-4471-89df-e489439c0abf
DBINFO STRUCTURE:,DBINFO @0x00000090997FD420,dbi_svcBrokerOptions,0x00000000
DBINFO STRUCTURE:,DBINFO @0x00000090997FD420,dbi_dbmLogZeroOutstanding,0
DBINFO STRUCTURE:,DBINFO @0x00000090997FD420,dbi_dbmLastGoodRoleSequence,0
DBINFO STRUCTURE:,DBINFO @0x00000090997FD420,dbi_dbmRedoQueue,0
DBINFO STRUCTURE:,DBINFO @0x00000090997FD420,dbi_dbmRedoQueueType,0
DBINFO STRUCTURE:,DBINFO @0x00000090997FD420,dbi_rmidRegistryValueDeleted,0
DBINFO STRUCTURE:,DBINFO @0x00000090997FD420,dbi_dbmConnectionTimeout,0
DBINFO STRUCTURE:,DBINFO @0x00000090997FD420,dbi_AuIdNext,1099511627917
DBINFO STRUCTURE:,DBINFO @0x00000090997FD420,dbi_MinSkipLsn,0:0:0 (0x00000000:00000000:0000)
DBINFO STRUCTURE:,DBINFO @0x00000090997FD420,dbi_commitTsOfcheckptLSN,0
DBINFO STRUCTURE:,DBINFO @0x00000090997FD420,dbi_dbEmptyVersionState,0
DBINFO STRUCTURE:,DBINFO @0x00000090997FD420,dbi_CurrentGeneration,0
dbi_EncryptionHistory,Scan 0,hex (dec),0x00000000:00000000:0000 (0:0:0)
DBINFO @0x00000090997FD420,dbi_EncryptionHistory,EncryptionScanInfo:ScanId,0
dbi_EncryptionHistory,Scan 1,hex (dec),0x00000000:00000000:0000 (0:0:0)
DBINFO @0x00000090997FD420,dbi_EncryptionHistory,EncryptionScanInfo:ScanId,0
dbi_EncryptionHistory,Scan 2,hex (dec),0x00000000:00000000:0000 (0:0:0)
DBINFO @0x00000090997FD420,dbi_EncryptionHistory,EncryptionScanInfo:ScanId,0
DBINFO STRUCTURE:,DBINFO @0x00000090997FD420,dbi_latestVersioningUpgradeLSN,18:43:69 (0x00000012:0000002b:0045)
DBINFO STRUCTURE:,DBINFO @0x00000090997FD420,dbi_PendingRestoreOutcomesId,00000000-0000-0000-0000-000000000000
DBINFO STRUCTURE:,DBINFO @0x00000090997FD420,dbi_ContainmentState,0
DBINFO STRUCTURE:,DBINFO @0x00000090997FD420,dbi_hkRecoveryLSN,0:0:0 (0x00000000:00000000:0000)
DBINFO STRUCTURE:,DBINFO @0x00000090997FD420,dbi_hkLogTruncationLSN,0:0:0 (0x00000000:00000000:0000)
DBINFO STRUCTURE:,DBINFO @0x00000090997FD420,dbi_hkCompatibilityMode,0
DBINFO STRUCTURE:,DBINFO @0x00000090997FD420,dbi_hkRootFile,00000000-0000-0000-0000-000000000000
DBINFO STRUCTURE:,DBINFO @0x00000090997FD420,dbi_hkRootFileWatermark,0
DBINFO STRUCTURE:,DBINFO @0x00000090997FD420,dbi_hkTrimLSN,0:0:0 (0x00000000:00000000:0000)
DBINFO STRUCTURE:,DBINFO @0x00000090997FD420,dbi_hkUpgradeLSN,0:0:0 (0x00000000:00000000:0000)
DBINFO STRUCTURE:,DBINFO @0x00000090997FD420,dbi_hkUndeployLSN,0:0:0 (0x00000000:00000000:0000)
