table_name,object_id,stat_name,last_updated,stats_id,auto_created,user_created,no_recompute,has_filter,filter_definition,is_temporary,rows,rows_sampled,sample_rate,steps,unfiltered_rows,modification_counter
Table_1,565577053,_WA_Sys_00000001_21B6055D,2017/01/21 12:56:46,2,True,False,False,False,,False,3,3,1.00000000000000000,2,3,0
Table_2,1253579504,_WA_Sys_00000001_4AB81AF0,2017/01/29 13:29:58,2,True,False,False,False,,False,3,3,1.00000000000000000,2,3,0
table01,1685581043,_WA_Sys_00000001_6477ECF3,2017/01/30 1:00:47,2,True,False,False,False,,False,2507,2507,1.00000000000000000,99,2507,0
table01,1685581043,index01,2017/02/01 12:59:47,1,False,False,False,False,,False,2507,2507,1.00000000000000000,99,2507,0
test_no_table_1,1893581784,_WA_Sys_00000001_70DDC3D8,2017/02/03 16:29:13,2,True,False,False,False,,False,3,3,1.00000000000000000,2,3,0
test_no_table_2,1909581841,_WA_Sys_00000001_71D1E811,2017/02/03 16:29:13,2,True,False,False,False,,False,3,3,1.00000000000000000,2,3,0
test_no_table_3,1925581898,_WA_Sys_00000001_72C60C4A,2017/02/03 16:29:13,2,True,False,False,False,,False,3,3,1.00000000000000000,2,3,0
