objectname,statement_text,usecounts,size_in_kbytes,objtype,cacheobjtype,refcounts,text
,"select table_id, item_guid, oplsn_fseqno, oplsn_bOffset, oplsn_slotid
 from [db01].[sys].[filetable_updates_2105058535] with (readpast) order by table_id",1,32,Prepared,Compiled Plan,2,"()
 select table_id, item_guid, oplsn_fseqno, oplsn_bOffset, oplsn_slotid
 from [db01].[sys].[filetable_updates_2105058535] with (readpast) order by table_id"
,UPDATE [table_1] set [name] = @1  WHERE [id]=@2,2,48,Prepared,Compiled Plan,4,"(@1 varchar(8000),@2 tinyint)UPDATE [table_1] set [name] = @1  WHERE [id]=@2"
,,7,32,Adhoc,Compiled Plan,2,use db01; update table_1 set name = 'oota' where id = 1
,"SELECT
eds.location AS [RemoteDataArchiveEndpoint],
eds.name AS [RemoteDataArchiveLinkedServer],
rdad.remote_database_name AS [RemoteDatabaseName],
rdad.federated_service_account AS [RemoteDataArchiveUseFederatedServiceAccount],
case when rdad.federated_service_account = 1 then null else cred.name end AS [RemoteDataArchiveCredential]
FROM
sys.remote_data_archive_databases rdad
INNER JOIN sys.external_data_sources eds ON rdad.data_source_id = eds.data_source_id
LEFT OUTER JOIN sys.database_scoped_credentials cred ON eds.credential_id = cred.credential_id",10,104,Adhoc,Compiled Plan,2,"SELECT
eds.location AS [RemoteDataArchiveEndpoint],
eds.name AS [RemoteDataArchiveLinkedServer],
rdad.remote_database_name AS [RemoteDatabaseName],
rdad.federated_service_account AS [RemoteDataArchiveUseFederatedServiceAccount],
case when rdad.federated_service_account = 1 then null else cred.name end AS [RemoteDataArchiveCredential]
FROM
sys.remote_data_archive_databases rdad
INNER JOIN sys.external_data_sources eds ON rdad.data_source_id = eds.data_source_id
LEFT OUTER JOIN sys.database_scoped_credentials cred ON eds.credential_id = cred.credential_id"
